# x_m, y_m
# Conservative minimum-curvature candidate derived from icra26_compete map.
# Keeps approximately >= 0.50 m centre-point clearance in the supplied occupancy grid.
# Start/finish region kept close to the supplied centreline.
0.7212, 3.7418
0.7409, 3.5425
0.7574, 3.3432
0.7700, 3.1441
0.7798, 2.9447
0.7876, 2.7449
0.7942, 2.5447
0.7999, 2.3446
0.8055, 2.1446
0.8112, 1.9447
0.8179, 1.7448
0.8249, 1.5449
0.8313, 1.3448
0.8364, 1.1445
0.8392, 0.9444
0.8392, 0.7442
0.8369, 0.5440
0.8324, 0.3438
0.8261, 0.1437
0.8177, -0.0562
0.8080, -0.2559
0.7982, -0.4557
0.7892, -0.6555
0.7814, -0.8554
0.7747, -1.0556
0.7689, -1.2556
0.7628, -1.4555
0.7555, -1.6554
0.7458, -1.8550
0.7345, -2.0544
0.7225, -2.2540
0.7101, -2.4537
0.6960, -2.6535
0.6803, -2.8532
0.6637, -3.0527
0.6470, -3.2523
0.6291, -3.4516
0.6095, -3.6507
0.5889, -3.8494
0.5688, -4.0481
0.5491, -4.2466
0.5289, -4.4453
0.5082, -4.6445
0.4884, -4.8438
0.4700, -5.0434
0.4530, -5.2428
0.4370, -5.4422
0.4231, -5.6419
0.4124, -5.8417
0.4052, -6.0417
0.4016, -6.2421
0.4018, -6.4427
0.4054, -6.6438
0.4102, -6.8457
0.4140, -7.0479
0.4155, -7.2505
0.4145, -7.4533
0.4098, -7.6559
0.3998, -7.8574
0.3833, -8.0592
0.3602, -8.2605
0.3297, -8.4605
0.2892, -8.6606
0.2375, -8.8582
0.1732, -9.0543
0.0953, -9.2467
0.0017, -9.4330
-0.1083, -9.6092
-0.2338, -9.7729
-0.3724, -9.9214
-0.5211, -10.0512
-0.6783, -10.1603
-0.8411, -10.2479
-1.0065, -10.3133
-1.1720, -10.3600
-1.3390, -10.3877
-1.5086, -10.4017
-1.6837, -10.3983
-1.8676, -10.3788
-2.0585, -10.3376
-2.2527, -10.2739
-2.4440, -10.1885
-2.6288, -10.0848
-2.8053, -9.9648
-2.9712, -9.8301
-3.1252, -9.6816
-3.2660, -9.5193
-3.3908, -9.3448
-3.4975, -9.1607
-3.5850, -8.9709
-3.6548, -8.7760
-3.7081, -8.5753
-3.7461, -8.3695
-3.7704, -8.1591
-3.7832, -7.9474
-3.7868, -7.7382
-3.7834, -7.5339
-3.7742, -7.3337
-3.7598, -7.1358
-3.7408, -6.9394
-3.7178, -6.7456
-3.6911, -6.5562
-3.6592, -6.3722
-3.6222, -6.1937
-3.5776, -6.0194
-3.5259, -5.8441
-3.4637, -5.6645
-3.3917, -5.4813
-3.3098, -5.2973
-3.2195, -5.1153
-3.1225, -4.9376
-3.0200, -4.7647
-2.9132, -4.5955
-2.8042, -4.4288
-2.6950, -4.2631
-2.5865, -4.0972
-2.4788, -3.9304
-2.3724, -3.7629
-2.2687, -3.5943
-2.1690, -3.4235
-2.0743, -3.2499
-1.9854, -3.0737
-1.9018, -2.8947
-1.8235, -2.7133
-1.7489, -2.5294
-1.6771, -2.3434
-1.6074, -2.1562
-1.5400, -1.9678
-1.4756, -1.7785
-1.4155, -1.5881
-1.3603, -1.3967
-1.3111, -1.2045
-1.2676, -1.0112
-1.2291, -0.8170
-1.1945, -0.6209
-1.1634, -0.4230
-1.1360, -0.2236
-1.1121, -0.0232
-1.0910, 0.1774
-1.0722, 0.3776
-1.0558, 0.5778
-1.0419, 0.7789
-1.0307, 0.9802
-1.0216, 1.1817
-1.0148, 1.3833
-1.0107, 1.5849
-1.0090, 1.7856
-1.0086, 1.9845
-1.0077, 2.1837
-1.0110, 2.3852
-1.0234, 2.5915
-1.0500, 2.8001
-1.0959, 3.0086
-1.1662, 3.2141
-1.2651, 3.4098
-1.3943, 3.5863
-1.5529, 3.7348
-1.7393, 3.8486
-1.9444, 3.9196
-2.1540, 3.9444
-2.3608, 3.9249
-2.5601, 3.8624
-2.7429, 3.7606
-2.9011, 3.6274
-3.0329, 3.4696
-3.1382, 3.2918
-3.2163, 3.1003
-3.2684, 2.9009
-3.2965, 2.6973
-3.3030, 2.4915
-3.2903, 2.2880
-3.2630, 2.0877
-3.2264, 1.8882
-3.1868, 1.6893
-3.1495, 1.4904
-3.1196, 1.2908
-3.1019, 1.0891
-3.1017, 0.8854
-3.1238, 0.6833
-3.1716, 0.4861
-3.2479, 0.2990
-3.3520, 0.1286
-3.4819, -0.0201
-3.6356, -0.1433
-3.8101, -0.2365
-3.9994, -0.2955
-4.1963, -0.3186
-4.3974, -0.3058
-4.5981, -0.2557
-4.7905, -0.1693
-4.9672, -0.0515
-5.1267, 0.0941
-5.2664, 0.2643
-5.3827, 0.4530
-5.4765, 0.6538
-5.5502, 0.8593
-5.6063, 1.0670
-5.6460, 1.2722
-5.6729, 1.4722
-5.6912, 1.6681
-5.7035, 1.8626
-5.7111, 2.0604
-5.7147, 2.2597
-5.7157, 2.4600
-5.7152, 2.6622
-5.7140, 2.8666
-5.7130, 3.0693
-5.7138, 3.2716
-5.7169, 3.4730
-5.7219, 3.6743
-5.7285, 3.8753
-5.7375, 4.0760
-5.7486, 4.2767
-5.7600, 4.4772
-5.7692, 4.6776
-5.7748, 4.8781
-5.7764, 5.0786
-5.7730, 5.2792
-5.7631, 5.4794
-5.7459, 5.6788
-5.7214, 5.8769
-5.6891, 6.0736
-5.6481, 6.2687
-5.5964, 6.4612
-5.5329, 6.6504
-5.4562, 6.8345
-5.3653, 7.0123
-5.2591, 7.1815
-5.1378, 7.3404
-5.0030, 7.4877
-4.8564, 7.6223
-4.7010, 7.7437
-4.5384, 7.8505
-4.3723, 7.9433
-4.2028, 8.0221
-4.0275, 8.0910
-3.8444, 8.1493
-3.6538, 8.1974
-3.4555, 8.2325
-3.2536, 8.2524
-3.0514, 8.2550
-2.8493, 8.2405
-2.6483, 8.2102
-2.4496, 8.1665
-2.2539, 8.1111
-2.0613, 8.0448
-1.8723, 7.9681
-1.6875, 7.8816
-1.5074, 7.7857
-1.3331, 7.6797
-1.1652, 7.5639
-1.0039, 7.4394
-0.8488, 7.3080
-0.7003, 7.1702
-0.5586, 7.0258
-0.4242, 6.8742
-0.2972, 6.7164
-0.1779, 6.5532
-0.0663, 6.3854
0.0382, 6.2150
0.1354, 6.0420
0.2265, 5.8667
0.3093, 5.6874
0.3842, 5.5037
0.4491, 5.3155
0.5037, 5.1238
0.5485, 4.9291
0.5867, 4.7328
0.6194, 4.5356
0.6489, 4.3379
0.6753, 4.1394
0.6992, 3.9408
